rank,subreddit,subscribers
1,askreddit,16635461
2,funny,16465546
3,todayilearned,16463857
4,science,16298812
5,worldnews,16264077
6,pics,16218181
7,iama,16081847
8,announcements,15934087
9,gaming,15574113
10,videos,15532031
11,movies,15251181
12,music,14814960
13,aww,14647469
14,news,13742098
15,gifs,13695338
16,explainlikeimfive,13548461
17,askscience,13425862
18,earthporn,13048577
19,books,12613462
20,television,12456406
21,lifeprotips,12145792
22,mildlyinteresting,11796444
23,showerthoughts,11686455
24,diy,11684090
25,space,11669581
26,internetisbeautiful,11440012
27,sports,11430266
28,tifu,11428237
29,jokes,11413642
30,history,11301750
31,gadgets,11297968
32,food,11268966
33,nottheonion,11263856
34,photoshopbattles,11245163
35,futurology,11224150
36,documentaries,11199829
37,personalfinance,11197265
38,dataisbeautiful,11185120
39,getmotivated,11150897
40,upliftingnews,11113268
41,listentothis,11061930
42,philosophy,11047642
43,oldschoolcool,10990147
44,art,10822091
45,creepy,10747841
46,nosleep,10700314
47,writingprompts,10636899
48,twoxchromosomes,10342065
49,fitness,6177482
50,technology,5190085
51,wtf,4764851
52,bestof,4699844
53,adviceanimals,4153704
54,politics,3346839
55,atheism,2017810
56,europe,1360434
57,woahdude,1060603
58,leagueoflegends,975436
59,interestingasfuck,966770
60,trees,941308
61,blackpeopletwitter,893288
62,gameofthrones,838598
63,overwatch,819959
64,pcmasterrace,799879
65,games,792301
66,4chan,786840
67,android,745150
68,programming,743117
69,sex,717252
70,cringepics,700866
71,pokemongo,668290
72,reactiongifs,663152
73,oddlysatisfying,649595
74,frugal,648815
75,malefashionadvice,647693
76,unexpected,636178
77,pokemon,634454
78,relationships,627128
79,outoftheloop,605817
80,soccer,595584
81,lifehacks,591991
82,youshouldknow,589990
83,nfl,589524
84,askhistorians,582049
85,starwars,580168
86,comics,569289
87,historyporn,568292
88,nba,552662
89,tattoos,547711
90,me_irl,536938
91,fffffffuuuuuuuuuuuu,534503
92,facepalm,500003
93,hiphopheads,497564
94,cringe,495048
95,globaloffensive,487395
96,foodporn,486408
97,buildapc,482893
98,anime,480962
99,wholesomememes,476436
100,justiceporn,475604
